{"cameraMode":{"drawMode":0,"name":"Shaded","section":"Shading Mode"},"sceneLighting":true,"audioPlay":false,"sceneViewState":{"m_AlwaysRefresh":false,"showFog":true,"showSkybox":true,"showFlares":true,"showImageEffects":true,"showParticleSystems":true,"showVisualEffectGraphs":true,"m_FxEnabled":true},"in2DMode":false,"pivot":{"x":15.558005332946778,"y":7.924834728240967,"z":34.59541702270508},"rotation":{"x":0.015316396951675415,"y":0.9825934171676636,"z":-0.09493935853242874,"w":0.15936920046806336},"size":1.2558345794677735,"orthographic":false}